MID,Before,After,Wt_change,Diet
2,0.3073,0.2922,-0.015100000000000002,36
3,0.2223,0.2465,0.0242,72
4,0.2506,0.24966,-9.399999999999964e-4,84
5,0.213,0.21911,0.006110000000000004,60
6,0.2702,0.26203,-0.00817000000000001,48
7,0.2622,0.2656,0.003400000000000014,84
8,0.1975,0.21927,0.021769999999999984,36
10,0.1972,0.20087,0.0036700000000000066,36
13,0.2107,0.21560000000000001,0.0049000000000000155,36
15,0.2097,0.2464,0.03670000000000001,48
16,0.1946,0.22128,0.02668000000000001,48
19,0.197,0.19994,0.002939999999999998,48
20,0.1776,0.23129,0.05368999999999999,60
21,0.2961,0.3113,0.015200000000000047,60
22,0.1766,0.2107,0.03409999999999999,60
23,0.163,0.18526,0.022260000000000002,60
24,0.1407,0.17034,0.02964,60
25,0.1885,0.23635,0.047850000000000004,60
27,0.1696,0.20483,0.03523000000000001,72
28,0.1812,0.2031,0.021900000000000003,72
29,0.1849,0.25036,0.06546000000000002,72
30,0.2068,0.2385,0.03169999999999998,72
31,0.2138,0.2446,0.030800000000000022,72
32,0.1899,0.2227,0.032799999999999996,84
33,0.1771,0.2215,0.044399999999999995,84
34,0.2168,0.2543,0.03750000000000003,84
35,0.2446,0.2524,0.007800000000000001,84
37,0.197,0.2399,0.042899999999999994,84
39,0.1978,0.2171,0.019299999999999984,60
40,0.2314,0.2685,0.03710000000000002,48
41,0.2107,0.2486,0.03789999999999999,84
42,0.1572,0.1776,0.0204,36
43,0.1705,0.2183,0.04779999999999998,48
44,0.1712,0.2094,0.03820000000000001,60
45,0.1253,0.1966,0.0713,72
48,0.2229,0.2297,0.0068000000000000005,48
49,0.232,0.2454,0.013399999999999995,60
50,0.2157,0.2351,0.0194,72
52,0.1924,0.2337,0.0413,36
54,0.1899,0.2285,0.038599999999999995,60
56,0.2385,0.2765,0.038000000000000034,84
59,0.2209,0.2291,0.008199999999999985,60
60,0.19,0.2023,0.012300000000000005,72
62,0.1766,0.2041,0.027499999999999997,36
64,0.1913,0.222,0.030700000000000005,60
65,0.2087,0.2356,0.026900000000000007,72
83,0.196,0.18948,-0.006519999999999998,36
84,0.1982,0.16927,-0.028929999999999984,48
85,0.2107,0.20785,-0.0028499999999999914,60
86,0.201,0.18766,-0.013340000000000019,72
87,0.1893,0.18525,-0.004049999999999998,84
89,0.2088,0.20432,-0.004480000000000012,48
90,0.2122,0.23412,0.021919999999999995,60
91,0.21560000000000001,0.2215,0.005899999999999989,72
92,0.16,0.18327,0.023269999999999985,84
93,0.1542,0.16165,0.007449999999999984,36
94,0.1656,0.1815,0.015899999999999997,48
95,0.1718,0.17725,0.005449999999999983,60
96,0.191,0.2107,0.019699999999999995,72
97,0.2178,0.18794,-0.029859999999999998,84
99,0.2509,0.21652,-0.03438000000000002,48
100,0.1937,0.19331,-3.9000000000000146e-4,60
101,0.1623,0.16394,0.0016400000000000026,72
102,0.2412,0.21055,-0.03065000000000001,84
106,0.2371,0.21429,-0.022809999999999997,72
107,0.2012,0.22114,0.019940000000000013,84
111,0.2051,0.20843,0.0033299999999999996,72
113,0.1819,0.1765,-0.005400000000000016,36
114,0.1633,0.17225,0.008949999999999986,48
115,0.2404,0.20354,-0.036860000000000004,60
116,0.1965,0.20419,0.007690000000000002,72
144,0.2044,0.22286,0.018460000000000004,36
145,0.1647,0.17753,0.01282999999999998,48
146,0.2033,0.20295,-3.5000000000001696e-4,60
147,0.2038,0.24116,0.037360000000000004,72
148,0.1676,0.21446,0.04686000000000001,84
150,0.2078,0.22456,0.016759999999999997,48
151,0.1807,0.1957,0.015000000000000013,60
152,0.1313,0.13743,0.0061299999999999966,72
153,0.1893,0.22214,0.03284000000000001,84
154,0.1916,0.20975,0.01815,36
155,0.1769,0.19952,0.02262,48
156,0.1775,0.2097,0.032200000000000006,60
157,0.2065,0.21364,0.0071400000000000075,72
158,0.1965,0.24728,0.05077999999999999,84
159,0.1987,0.22536,0.026660000000000017,36
160,0.1745,0.18604,0.011540000000000022,48
161,0.1857,0.222,0.0363,60
162,0.1612,0.19749,0.03628999999999999,72
163,0.1831,0.22256,0.039459999999999995,84
164,0.17,0.19835,0.028349999999999986,36
165,0.2042,0.21522,0.011020000000000002,48
166,0.2129,0.20353,-0.009370000000000017,60
167,0.1864,0.19968,0.013279999999999986,72
168,0.2031,0.22468,0.021579999999999988,84
169,0.214,0.23108,0.017080000000000012,36
170,0.1903,0.20339,0.01308999999999999,48
171,0.2005,0.24349,0.04299,60
172,0.2434,0.23323,-0.010170000000000012,72
173,0.1794,0.20942,0.03001999999999999,84
174,0.21,0.2259,0.015899999999999997,36
175,0.1821,0.2136,0.0315,48
176,0.1863,0.2142,0.027900000000000008,60
177,0.19945,0.233,0.033550000000000024,72
178,0.19167,0.2175,0.025829999999999992,84
179,0.2291,0.2385,0.009399999999999992,36
180,0.1943,0.2043,0.010000000000000009,48
181,0.161,0.2133,0.052299999999999985,60
182,0.2285,0.2547,0.026199999999999973,72
184,0.2189,0.205,-0.013900000000000023,36
185,0.274,0.2955,0.021499999999999964,48
186,0.2351,0.2415,0.006399999999999989,60
188,0.2044,0.2601,0.0557,84
189,0.22642,0.2031,-0.023320000000000007,36
190,0.21399,0.2226,0.008609999999999979,48
192,0.1772,0.2439,0.06670000000000001,72
193,0.20303,0.2493,0.046270000000000006,84
194,0.22622,0.2268,5.799999999999972e-4,36
195,0.2117,0.23304,0.021339999999999998,48
196,0.21214,0.25395,0.041810000000000014,60
197,0.24047,0.25465,0.014179999999999998,72
198,0.1968,0.21187,0.01507,84
199,0.15844,0.18334,0.024900000000000005,36
200,0.2363,0.23388,-0.0024200000000000055,48
201,0.20097,0.21876,0.01779,60
202,0.22014,0.27149,0.05135000000000001,72
205,0.2491,0.27741,0.028310000000000002,48
206,0.1912,0.21958,0.02837999999999999,60
207,0.211,0.2438,0.032799999999999996,72
208,0.2128,0.25724,0.044440000000000035,84
209,0.1811,0.19857,0.017469999999999986,36
210,0.1949,0.2247,0.02980000000000002,48
211,0.2574,0.23716,-0.020240000000000008,60
212,0.217,0.2323,0.015300000000000008,72
213,0.25113,0.22778,-0.02335000000000001,36
214,0.21298,0.20901,-0.003970000000000001,48
215,0.26237,0.28607,0.0237,60
216,0.15017,0.19464,0.04447000000000001,72
217,0.18295,0.21848,0.035530000000000006,84
218,0.20879,0.25483,0.04604,36
219,0.2042,0.228726,0.02452600000000002,48
220,0.20105,0.21591,0.014859999999999984,60
221,0.20697,0.2446,0.037630000000000025,72
222,0.24925,0.27946,0.030209999999999987,84
223,0.18685,0.21846,0.03161,36
224,0.15782,0.1702,0.012380000000000002,48
225,0.2034,0.24458,0.041179999999999994,60
226,0.19373,0.21466,0.020929999999999976,72
227,0.2218,0.2583,0.03649999999999998,84
228,0.1828,0.2105,0.027700000000000002,36
229,0.2118,0.2416,0.02980000000000002,48
230,0.2181,0.284,0.06589999999999999,60
231,0.173,0.2202,0.04720000000000002,72
232,0.1893,0.2281,0.0388,84
233,0.1899,0.2011,0.011199999999999988,36
234,0.1957,0.2282,0.03249999999999997,48
235,0.26196,0.2574,-0.0045600000000000085,36
236,0.2009,0.19259,-0.008309999999999984,48
237,0.24971,0.30732,0.057609999999999995,60
238,0.28233,0.2629,-0.019430000000000003,36
239,0.21147,0.25381,0.04233999999999999,48
240,0.19146,0.22785,0.036390000000000006,60
241,0.20879,0.25166,0.04286999999999999,72
242,0.1915,0.21102,0.01952000000000001,84
243,0.17886,0.20552,0.026660000000000017,36
244,0.25855,0.25459,-0.003960000000000019,48
245,0.22663,0.25217,0.025540000000000007,60
246,0.2365,0.2363,-1.9999999999997797e-4,72
247,0.2202,0.24467,0.024469999999999992,84
248,0.21398,0.22097,0.006989999999999996,36
249,0.21966,0.26182,0.04216,48
250,0.213225,0.25252,0.039295000000000024,60
251,0.15846,0.17498,0.016520000000000007,72
252,0.21717,0.28797,0.0708,84
253,0.19908,0.22021,0.021129999999999982,36
254,0.18746,0.24911,0.06165000000000001,48
255,0.18214,0.24518,0.06304000000000001,60
256,0.18738,0.25638,0.069,72
257,0.19903,0.25862,0.059590000000000004,84
258,0.17881,0.2218,0.04299,36
259,0.21783,0.26369,0.045859999999999984,36
260,0.19631,0.19683,5.199999999999927e-4,48
261,0.23787,0.29856,0.060689999999999994,60
262,0.18786,0.21358,0.025719999999999993,72
263,0.20223,0.21801,0.015780000000000016,84
264,0.22925,0.22976,5.099999999999827e-4,36
265,0.18849,0.218,0.02951000000000001,48
266,0.27512,0.257,-0.01811999999999997,60
267,0.19846,0.2165,0.01804,72
268,0.21129,0.2642,0.052909999999999985,84
269,0.26443,0.2498,-0.014630000000000004,36
270,0.21187,0.2389,0.02703,48
271,0.21279,0.2188,0.006009999999999988,60
273,0.19326,0.21056,0.01730000000000001,72
272,0.22251,0.24828,0.025769999999999987,48
274,0.20509,0.22959,0.024499999999999994,60
275,0.26712,0.25951,-0.007610000000000006,60
276,0.18011,0.21104,0.030930000000000013,84
277,0.2074,0.19402,-0.013380000000000003,36
278,0.2957,0.25978,-0.03592000000000001,48
280,0.2589,0.30108,0.042179999999999995,72
281,0.2216,0.19176,-0.029839999999999978,84
282,0.2022,0.24044,0.038239999999999996,36
283,0.21075,0.20785,-0.002899999999999986,48
284,0.23098,0.2647,0.03372,60
286,0.2528,0.24435,-0.008450000000000013,36
287,0.2082,0.22829,0.020089999999999997,48
288,0.2329,0.27668,0.043779999999999986,60
289,0.2497,0.25833,0.008629999999999999,72
290,0.2718,0.28011,0.00831000000000004,84
291,0.184,0.20974,0.025740000000000013,84
292,0.22266,0.23201,0.009349999999999997,84
293,0.25255,0.27726,0.02471000000000001,48
294,0.23131,0.25718,0.025870000000000032,36
295,0.21317,0.22355,0.01038,48
296,0.23549,0.24483,0.009339999999999987,60
297,0.24921,0.24118,-0.008029999999999982,72
